Name, Time
Elon,12:51:33 
BILL GATES,12:55:58 
BILL GATES,12:55:58 
BILL GATES,12:55:59 
BILL GATES,12:55:59 
BILL GATES,12:56:01 
BILL GATES,12:56:01 
BILL GATES,12:56:02 
BILL GATES,12:56:02 
BILL GATES,12:56:03 
BILL GATES,12:56:03 
JACK MA,12:56:12 
JACK MA,12:56:12 
JACK MA,12:56:12 
JACK MA,12:56:12 
JACK MA,12:56:12 
JACK MA,12:56:12 
JACK MA,12:56:12 
JACK MA,12:56:12 
JACK MA,12:56:12 
JACK MA,12:56:12 
JACK MA,12:56:12 
JACK MA,12:56:12 
JACK MA,12:56:13 
JACK MA,12:56:13 
JACK MA,12:56:13 
JACK MA,12:56:13 
JACK MA,12:56:13 
JACK MA,12:56:13 
JACK MA,12:56:13 
JACK MA,12:56:13 
JACK MA,12:56:13 
JACK MA,12:56:13 
JACK MA,12:56:13 
JACK MA,12:56:13 
JACK MA,12:56:14 
JACK MA,12:56:14 
JACK MA,12:56:14 
JACK MA,12:56:14 
JACK MA,12:56:14 
JACK MA,12:56:14 
JACK MA,12:56:14 
JACK MA,12:56:14 
JACK MA,12:56:14 
JACK MA,12:56:14 
JACK MA,12:56:14 
JACK MA,12:56:14 
JACK MA,12:56:15 
JACK MA,12:56:15 
JACK MA,12:56:15 
JACK MA,12:56:15 
JACK MA,12:56:15 
JACK MA,12:56:15 
JACK MA,12:56:15 
JACK MA,12:56:15 
JACK MA,12:56:15 
JACK MA,12:56:15 
JACK MA,12:56:15 
JACK MA,12:56:15 
JACK MA,12:56:17 
JACK MA,12:56:17 
JACK MA,12:56:17 
JACK MA,12:56:17 
JACK MA,12:56:17 
JACK MA,12:56:17 
JACK MA,12:56:17 
JACK MA,12:56:17 
JACK MA,12:56:17 
JACK MA,12:56:17 
JACK MA,12:56:17 
JACK MA,12:56:17 
JACK MA,12:56:18 
JACK MA,12:56:18 
JACK MA,12:56:18 
JACK MA,12:56:18 
JACK MA,12:56:18 
JACK MA,12:56:18 
JACK MA,12:56:18 
JACK MA,12:56:18 
JACK MA,12:56:18 
JACK MA,12:56:18 
JACK MA,12:56:18 
JACK MA,12:56:18 
JACK MA,12:56:19 
JACK MA,12:56:19 
JACK MA,12:56:19 
JACK MA,12:56:19 
JACK MA,12:56:19 
JACK MA,12:56:19 
JACK MA,12:56:19 
JACK MA,12:56:19 
JACK MA,12:56:19 
JACK MA,12:56:19 
JACK MA,12:56:19 
JACK MA,12:56:19 
JACK MA,12:56:21 
JACK MA,12:56:21 
JACK MA,12:56:21 
JACK MA,12:56:21 
JACK MA,12:56:21 
JACK MA,12:56:21 
JACK MA,12:56:21 
JACK MA,12:56:21 
JACK MA,12:56:21 
JACK MA,12:56:21 
JACK MA,12:56:21 
JACK MA,12:56:21 
JACK MA,12:56:22 
JACK MA,12:56:22 
JACK MA,12:56:22 
JACK MA,12:56:22 
JACK MA,12:56:22 
JACK MA,12:56:22 
JACK MA,12:56:22 
JACK MA,12:56:22 
JACK MA,12:56:22 
JACK MA,12:56:22 
JACK MA,12:56:22 
JACK MA,12:56:22 
JACK MA,12:56:24 
JACK MA,12:56:24 
JACK MA,12:56:24 
JACK MA,12:56:24 
JACK MA,12:56:24 
JACK MA,12:56:24 
JACK MA,12:56:24 
JACK MA,12:56:24 
JACK MA,12:56:24 
JACK MA,12:56:24 
JACK MA,12:56:24 
JACK MA,12:56:24 
JACK MA,12:56:25 
JACK MA,12:56:25 
JACK MA,12:56:25 
JACK MA,12:56:25 
JACK MA,12:56:25 
JACK MA,12:56:25 
JACK MA,12:56:25 
JACK MA,12:56:25 
JACK MA,12:56:25 
JACK MA,12:56:25 
JACK MA,12:56:25 
JACK MA,12:56:25 
JACK MA,12:56:27 
JACK MA,12:56:27 
JACK MA,12:56:27 
JACK MA,12:56:27 
JACK MA,12:56:27 
JACK MA,12:56:27 
JACK MA,12:56:27 
JACK MA,12:56:27 
JACK MA,12:56:27 
JACK MA,12:56:27 
JACK MA,12:56:27 
JACK MA,12:56:27 
SALMAN KHAN,13:00:01 
SALMAN KHAN,13:00:01 
SALMAN KHAN,13:00:01 
SALMAN KHAN,13:00:01 
SALMAN KHAN,13:00:01 
SALMAN KHAN,13:00:01 
SALMAN KHAN,13:00:01 
SALMAN KHAN,13:00:01 
SALMAN KHAN,13:00:01 
SALMAN KHAN,13:00:01 
SALMAN KHAN,13:00:01 
SALMAN KHAN,13:00:01 
SALMAN KHAN,13:00:01 
SALMAN KHAN,13:00:01 
SALMAN KHAN,13:00:01 
SALMAN KHAN,13:00:01 
SALMAN KHAN,13:00:01 
SALMAN KHAN,13:00:01 
SALMAN KHAN,13:00:01 
SALMAN KHAN,13:00:01 
SALMAN KHAN,13:00:01 
SALMAN KHAN,13:00:01 
SALMAN KHAN,13:00:01 
SALMAN KHAN,13:00:01 
SALMAN KHAN,13:00:01 
SALMAN KHAN,13:00:01 
SALMAN KHAN,13:00:01 
SALMAN KHAN,13:00:01 
SALMAN KHAN,13:00:01 
SALMAN KHAN,13:00:01 
SALMAN KHAN,13:00:01 
SALMAN KHAN,13:00:01 
SALMAN KHAN,13:00:01 
SALMAN KHAN,13:00:01 
SALMAN KHAN,13:00:01 
SALMAN KHAN,13:00:01 
SALMAN KHAN,13:00:01 
SALMAN KHAN,13:00:01 
SALMAN KHAN,13:00:01 
SALMAN KHAN,13:00:01 
SALMAN KHAN,13:00:01 
SALMAN KHAN,13:00:01 
SALMAN KHAN,13:00:01 
SALMAN KHAN,13:00:01 
SALMAN KHAN,13:00:01 
SALMAN KHAN,13:00:01 
SALMAN KHAN,13:00:01 
SALMAN KHAN,13:00:01 
SALMAN KHAN,13:00:01 
SALMAN KHAN,13:00:01 
SALMAN KHAN,13:00:01 
SALMAN KHAN,13:00:01 
SALMAN KHAN,13:00:01 
SALMAN KHAN,13:00:01 
SALMAN KHAN,13:00:01 
SALMAN KHAN,13:00:01 
SALMAN KHAN,13:00:01 
SALMAN KHAN,13:00:01 
SALMAN KHAN,13:00:01 
SALMAN KHAN,13:00:01 
SALMAN KHAN,13:00:01 
SALMAN KHAN,13:00:01 
SALMAN KHAN,13:00:01 
SALMAN KHAN,13:00:01 
SALMAN KHAN,13:00:01 
SALMAN KHAN,13:00:01 
SALMAN KHAN,13:00:01 
SALMAN KHAN,13:00:01 
SALMAN KHAN,13:00:01 
SALMAN KHAN,13:00:01 
SALMAN KHAN,13:00:01 
SALMAN KHAN,13:00:01 
SALMAN KHAN,13:00:01 
SALMAN KHAN,13:00:01 
SALMAN KHAN,13:00:01 
SALMAN KHAN,13:00:01 
SALMAN KHAN,13:00:01 
SALMAN KHAN,13:00:01 
SALMAN KHAN,13:00:01 
SALMAN KHAN,13:00:01 
SALMAN KHAN,13:00:01 
SALMAN KHAN,13:00:01 
SALMAN KHAN,13:00:01 
SALMAN KHAN,13:00:01 
SALMAN KHAN,13:00:01 
SALMAN KHAN,13:00:01 
SALMAN KHAN,13:00:01 
SALMAN KHAN,13:00:01 
SALMAN KHAN,13:00:01 
SALMAN KHAN,13:00:01 
SALMAN KHAN,13:00:01 
SALMAN KHAN,13:00:01 
SALMAN KHAN,13:00:01 
SALMAN KHAN,13:00:01 
SALMAN KHAN,13:00:01 
SALMAN KHAN,13:00:01 
SALMAN KHAN,13:00:01 
SALMAN KHAN,13:00:01 
SALMAN KHAN,13:00:01 
SALMAN KHAN,13:00:01 
SALMAN KHAN,13:00:01 
SALMAN KHAN,13:00:01 
SALMAN KHAN,13:00:01 
SALMAN KHAN,13:00:01 
SALMAN KHAN,13:00:01 
SALMAN KHAN,13:00:01 
SALMAN KHAN,13:00:01 
SALMAN KHAN,13:00:01 
SALMAN KHAN,13:00:01 
SALMAN KHAN,13:00:01 
SALMAN KHAN,13:00:01 
SALMAN KHAN,13:00:01 
SALMAN KHAN,13:00:01 
SALMAN KHAN,13:00:01 
SALMAN KHAN,13:00:01 
SALMAN KHAN,13:00:01 
SALMAN KHAN,13:00:01 
SALMAN KHAN,13:00:01 
SALMAN KHAN,13:00:01 
SALMAN KHAN,13:00:01 
SALMAN KHAN,13:00:01 
SALMAN KHAN,13:00:01 
SALMAN KHAN,13:00:01 
SALMAN KHAN,13:00:01 
SALMAN KHAN,13:00:01 
SALMAN KHAN,13:00:01 
SALMAN KHAN,13:00:01 
SALMAN KHAN,13:00:01 
SALMAN KHAN,13:00:01 
SALMAN KHAN,13:00:01 
SALMAN KHAN,13:00:01 
SALMAN KHAN,13:00:01 
SALMAN KHAN,13:00:01 
SALMAN KHAN,13:00:01 
SALMAN KHAN,13:00:01 
SALMAN KHAN,13:00:01 
SALMAN KHAN,13:00:01 
SALMAN KHAN,13:00:01 
SALMAN KHAN,13:00:01 
SALMAN KHAN,13:00:01 
SALMAN KHAN,13:00:01 
SALMAN KHAN,13:00:01 
SALMAN KHAN,13:00:01 
SALMAN KHAN,13:00:01 
SALMAN KHAN,13:00:01 
SALMAN KHAN,13:00:01 
SALMAN KHAN,13:00:01 
SALMAN KHAN,13:00:01 
SALMAN KHAN,13:00:01 
SALMAN KHAN,13:00:01 
SALMAN KHAN,13:00:01 
SALMAN KHAN,13:00:01 
SALMAN KHAN,13:00:01 
SALMAN KHAN,13:00:01 
SALMAN KHAN,13:00:01 
SALMAN KHAN,13:00:01 
SALMAN KHAN,13:00:02 
SALMAN KHAN,13:00:02 
SALMAN KHAN,13:00:02 
SALMAN KHAN,13:00:02 
SALMAN KHAN,13:00:02 
SALMAN KHAN,13:00:02 
SALMAN KHAN,13:00:02 
SALMAN KHAN,13:00:02 
SALMAN KHAN,13:00:02 
SALMAN KHAN,13:00:02 
SALMAN KHAN,13:00:02 
SALMAN KHAN,13:00:02 
SALMAN KHAN,13:00:02 
SALMAN KHAN,13:00:02 
SALMAN KHAN,13:00:02 
SALMAN KHAN,13:00:02 
SALMAN KHAN,13:00:02 
SALMAN KHAN,13:00:02 
SALMAN KHAN,13:00:02 
SALMAN KHAN,13:00:02 
SALMAN KHAN,13:00:02 
SALMAN KHAN,13:00:02 
SALMAN KHAN,13:00:02 
SALMAN KHAN,13:00:02 
SALMAN KHAN,13:00:02 
SALMAN KHAN,13:00:02 
SALMAN KHAN,13:00:02 
SALMAN KHAN,13:00:02 
SALMAN KHAN,13:00:02 
SALMAN KHAN,13:00:02 
SALMAN KHAN,13:00:02 
SALMAN KHAN,13:00:02 
SALMAN KHAN,13:00:02 
SALMAN KHAN,13:00:02 
SALMAN KHAN,13:00:02 
SALMAN KHAN,13:00:02 
SALMAN KHAN,13:00:02 
SALMAN KHAN,13:00:02 
SALMAN KHAN,13:00:02 
SALMAN KHAN,13:00:02 
SALMAN KHAN,13:00:02 
SALMAN KHAN,13:00:02 
SALMAN KHAN,13:00:02 
SALMAN KHAN,13:00:02 
SALMAN KHAN,13:00:02 
SALMAN KHAN,13:00:02 
SALMAN KHAN,13:00:02 
SALMAN KHAN,13:00:02 
SALMAN KHAN,13:00:02 
SALMAN KHAN,13:00:02 
SALMAN KHAN,13:00:02 
SALMAN KHAN,13:00:02 
SALMAN KHAN,13:00:02 
SALMAN KHAN,13:00:02 
SALMAN KHAN,13:00:02 
SALMAN KHAN,13:00:02 
SALMAN KHAN,13:00:02 
SALMAN KHAN,13:00:02 
SALMAN KHAN,13:00:02 
SALMAN KHAN,13:00:02 
SALMAN KHAN,13:00:02 
SALMAN KHAN,13:00:02 
SALMAN KHAN,13:00:02 
SALMAN KHAN,13:00:02 
SALMAN KHAN,13:00:02 
SALMAN KHAN,13:00:02 
SALMAN KHAN,13:00:02 
SALMAN KHAN,13:00:02 
SALMAN KHAN,13:00:02 
SALMAN KHAN,13:00:02 
SALMAN KHAN,13:00:02 
SALMAN KHAN,13:00:02 
SALMAN KHAN,13:00:02 
SALMAN KHAN,13:00:02 
SALMAN KHAN,13:00:02 
SALMAN KHAN,13:00:02 
SALMAN KHAN,13:00:02 
SALMAN KHAN,13:00:02 
SALMAN KHAN,13:00:02 
SALMAN KHAN,13:00:02 
SALMAN KHAN,13:00:02 
SALMAN KHAN,13:00:02 
SALMAN KHAN,13:00:02 
SALMAN KHAN,13:00:02 
SALMAN KHAN,13:00:02 
SALMAN KHAN,13:00:02 
SALMAN KHAN,13:00:02 
SALMAN KHAN,13:00:02 
SALMAN KHAN,13:00:02 
SALMAN KHAN,13:00:02 
SALMAN KHAN,13:00:02 
SALMAN KHAN,13:00:02 
SALMAN KHAN,13:00:02 
SALMAN KHAN,13:00:02 
SALMAN KHAN,13:00:02 
SALMAN KHAN,13:00:02 
SALMAN KHAN,13:00:02 
SALMAN KHAN,13:00:02 
SALMAN KHAN,13:00:02 
SALMAN KHAN,13:00:02 
SALMAN KHAN,13:00:02 
SALMAN KHAN,13:00:02 
SALMAN KHAN,13:00:02 
SALMAN KHAN,13:00:02 
SALMAN KHAN,13:00:02 
SALMAN KHAN,13:00:02 
SALMAN KHAN,13:00:02 
SALMAN KHAN,13:00:02 
SALMAN KHAN,13:00:02 
SALMAN KHAN,13:00:02 
SALMAN KHAN,13:00:02 
SALMAN KHAN,13:00:02 
SALMAN KHAN,13:00:02 
SALMAN KHAN,13:00:02 
SALMAN KHAN,13:00:02 
SALMAN KHAN,13:00:02 
SALMAN KHAN,13:00:02 
SALMAN KHAN,13:00:02 
SALMAN KHAN,13:00:02 
SALMAN KHAN,13:00:02 
SALMAN KHAN,13:00:02 
SALMAN KHAN,13:00:02 
SALMAN KHAN,13:00:02 
SALMAN KHAN,13:00:02 
SALMAN KHAN,13:00:02 
SALMAN KHAN,13:00:02 
SALMAN KHAN,13:00:02 
SALMAN KHAN,13:00:02 
SALMAN KHAN,13:00:02 
SALMAN KHAN,13:00:02 
SALMAN KHAN,13:00:02 
SALMAN KHAN,13:00:02 
SALMAN KHAN,13:00:02 
SALMAN KHAN,13:00:02 
SALMAN KHAN,13:00:02 
SALMAN KHAN,13:00:02 
SALMAN KHAN,13:00:02 
SALMAN KHAN,13:00:02 
SALMAN KHAN,13:00:02 
SALMAN KHAN,13:00:02 
SALMAN KHAN,13:00:02 
SALMAN KHAN,13:00:02 
SALMAN KHAN,13:00:02 
SALMAN KHAN,13:00:02 
SALMAN KHAN,13:00:02 
SALMAN KHAN,13:00:02 
SALMAN KHAN,13:00:02 
SALMAN KHAN,13:00:02 
SALMAN KHAN,13:00:02 
SALMAN KHAN,13:00:02 
SALMAN KHAN,13:00:02 
SALMAN KHAN,13:00:02 
SALMAN KHAN,13:00:02 
SALMAN KHAN,13:00:02 
SALMAN KHAN,13:00:02 
SALMAN KHAN,13:00:02 
SALMAN KHAN,13:00:03 
SALMAN KHAN,13:00:03 
SALMAN KHAN,13:00:03 
SALMAN KHAN,13:00:03 
SALMAN KHAN,13:00:03 
SALMAN KHAN,13:00:03 
SALMAN KHAN,13:00:03 
SALMAN KHAN,13:00:03 
SALMAN KHAN,13:00:03 
SALMAN KHAN,13:00:03 
SALMAN KHAN,13:00:03 
SALMAN KHAN,13:00:03 
SALMAN KHAN,13:00:03 
SALMAN KHAN,13:00:03 
SALMAN KHAN,13:00:03 
SALMAN KHAN,13:00:03 
SALMAN KHAN,13:00:03 
SALMAN KHAN,13:00:03 
SALMAN KHAN,13:00:03 
SALMAN KHAN,13:00:03 
SALMAN KHAN,13:00:03 
SALMAN KHAN,13:00:03 
SALMAN KHAN,13:00:03 
SALMAN KHAN,13:00:03 
SALMAN KHAN,13:00:03 
SALMAN KHAN,13:00:03 
SALMAN KHAN,13:00:03 
SALMAN KHAN,13:00:03 
SALMAN KHAN,13:00:03 
SALMAN KHAN,13:00:03 
SALMAN KHAN,13:00:03 
SALMAN KHAN,13:00:03 
SALMAN KHAN,13:00:03 
SALMAN KHAN,13:00:03 
SALMAN KHAN,13:00:03 
SALMAN KHAN,13:00:03 
SALMAN KHAN,13:00:03 
SALMAN KHAN,13:00:03 
SALMAN KHAN,13:00:03 
SALMAN KHAN,13:00:03 
SALMAN KHAN,13:00:03 
SALMAN KHAN,13:00:03 
SALMAN KHAN,13:00:03 
SALMAN KHAN,13:00:03 
SALMAN KHAN,13:00:03 
SALMAN KHAN,13:00:03 
SALMAN KHAN,13:00:03 
SALMAN KHAN,13:00:03 
SALMAN KHAN,13:00:03 
SALMAN KHAN,13:00:03 
SALMAN KHAN,13:00:03 
SALMAN KHAN,13:00:03 
SALMAN KHAN,13:00:03 
SALMAN KHAN,13:00:03 
SALMAN KHAN,13:00:03 
SALMAN KHAN,13:00:03 
SALMAN KHAN,13:00:03 
SALMAN KHAN,13:00:03 
SALMAN KHAN,13:00:03 
SALMAN KHAN,13:00:03 
SALMAN KHAN,13:00:03 
SALMAN KHAN,13:00:03 
SALMAN KHAN,13:00:03 
SALMAN KHAN,13:00:03 
SALMAN KHAN,13:00:03 
SALMAN KHAN,13:00:03 
SALMAN KHAN,13:00:03 
SALMAN KHAN,13:00:03 
SALMAN KHAN,13:00:03 
SALMAN KHAN,13:00:03 
SALMAN KHAN,13:00:03 
SALMAN KHAN,13:00:03 
SALMAN KHAN,13:00:03 
SALMAN KHAN,13:00:03 
SALMAN KHAN,13:00:03 
SALMAN KHAN,13:00:03 
SALMAN KHAN,13:00:03 
SALMAN KHAN,13:00:03 
SALMAN KHAN,13:00:03 
SALMAN KHAN,13:00:03 
SALMAN KHAN,13:00:03 
SALMAN KHAN,13:00:03 
SALMAN KHAN,13:00:03 
SALMAN KHAN,13:00:03 
SALMAN KHAN,13:00:03 
SALMAN KHAN,13:00:03 
SALMAN KHAN,13:00:03 
SALMAN KHAN,13:00:03 
SALMAN KHAN,13:00:03 
SALMAN KHAN,13:00:03 
SALMAN KHAN,13:00:03 
SALMAN KHAN,13:00:03 
SALMAN KHAN,13:00:03 
SALMAN KHAN,13:00:03 
SALMAN KHAN,13:00:03 
SALMAN KHAN,13:00:03 
SALMAN KHAN,13:00:03 
SALMAN KHAN,13:00:03 
SALMAN KHAN,13:00:03 
SALMAN KHAN,13:00:03 
SALMAN KHAN,13:00:03 
SALMAN KHAN,13:00:03 
SALMAN KHAN,13:00:03 
SALMAN KHAN,13:00:03 
SALMAN KHAN,13:00:03 
SALMAN KHAN,13:00:03 
SALMAN KHAN,13:00:03 
SALMAN KHAN,13:00:03 
SALMAN KHAN,13:00:03 
SALMAN KHAN,13:00:03 
SALMAN KHAN,13:00:03 
SALMAN KHAN,13:00:03 
SALMAN KHAN,13:00:03 
SALMAN KHAN,13:00:03 
SALMAN KHAN,13:00:03 
SALMAN KHAN,13:00:03 
SALMAN KHAN,13:00:03 
SALMAN KHAN,13:00:03 
SALMAN KHAN,13:00:03 
SALMAN KHAN,13:00:03 
SALMAN KHAN,13:00:03 
SALMAN KHAN,13:00:03 
SALMAN KHAN,13:00:03 
SALMAN KHAN,13:00:03 
SALMAN KHAN,13:00:03 
SALMAN KHAN,13:00:03 
SALMAN KHAN,13:00:03 
SALMAN KHAN,13:00:03 
SALMAN KHAN,13:00:03 
SALMAN KHAN,13:00:03 
SALMAN KHAN,13:00:03 
SALMAN KHAN,13:00:03 
SALMAN KHAN,13:00:03 
SALMAN KHAN,13:00:03 
SALMAN KHAN,13:00:03 
SALMAN KHAN,13:00:03 
SALMAN KHAN,13:00:03 
SALMAN KHAN,13:00:03 
SALMAN KHAN,13:00:03 
SALMAN KHAN,13:00:03 
SALMAN KHAN,13:00:03 
SALMAN KHAN,13:00:03 
SALMAN KHAN,13:00:03 
SALMAN KHAN,13:00:03 
SALMAN KHAN,13:00:03 
SALMAN KHAN,13:00:03 
SALMAN KHAN,13:00:03 
SALMAN KHAN,13:00:03 
SALMAN KHAN,13:00:03 
SALMAN KHAN,13:00:03 
SALMAN KHAN,13:00:03 
SALMAN KHAN,13:00:03 
SALMAN KHAN,13:00:03 
SALMAN KHAN,13:00:03 
SALMAN KHAN,13:00:03 
SALMAN KHAN,13:00:03 
SALMAN KHAN,13:00:05 
SALMAN KHAN,13:00:05 
SALMAN KHAN,13:00:05 
SALMAN KHAN,13:00:05 
SALMAN KHAN,13:00:05 
SALMAN KHAN,13:00:05 
SALMAN KHAN,13:00:05 
SALMAN KHAN,13:00:05 
SALMAN KHAN,13:00:05 
SALMAN KHAN,13:00:05 
SALMAN KHAN,13:00:05 
SALMAN KHAN,13:00:05 
SALMAN KHAN,13:00:05 
SALMAN KHAN,13:00:05 
SALMAN KHAN,13:00:05 
SALMAN KHAN,13:00:05 
SALMAN KHAN,13:00:05 
SALMAN KHAN,13:00:05 
SALMAN KHAN,13:00:05 
SALMAN KHAN,13:00:05 
SALMAN KHAN,13:00:05 
SALMAN KHAN,13:00:05 
SALMAN KHAN,13:00:05 
SALMAN KHAN,13:00:05 
SALMAN KHAN,13:00:05 
SALMAN KHAN,13:00:05 
SALMAN KHAN,13:00:05 
SALMAN KHAN,13:00:05 
SALMAN KHAN,13:00:05 
SALMAN KHAN,13:00:05 
SALMAN KHAN,13:00:05 
SALMAN KHAN,13:00:05 
SALMAN KHAN,13:00:05 
SALMAN KHAN,13:00:05 
SALMAN KHAN,13:00:05 
SALMAN KHAN,13:00:05 
SALMAN KHAN,13:00:05 
SALMAN KHAN,13:00:05 
SALMAN KHAN,13:00:05 
SALMAN KHAN,13:00:05 
SALMAN KHAN,13:00:05 
SALMAN KHAN,13:00:05 
SALMAN KHAN,13:00:05 
SALMAN KHAN,13:00:05 
SALMAN KHAN,13:00:05 
SALMAN KHAN,13:00:05 
SALMAN KHAN,13:00:05 
SALMAN KHAN,13:00:05 
SALMAN KHAN,13:00:05 
SALMAN KHAN,13:00:05 
SALMAN KHAN,13:00:05 
SALMAN KHAN,13:00:05 
SALMAN KHAN,13:00:05 
SALMAN KHAN,13:00:05 
SALMAN KHAN,13:00:05 
SALMAN KHAN,13:00:05 
SALMAN KHAN,13:00:05 
SALMAN KHAN,13:00:05 
SALMAN KHAN,13:00:05 
SALMAN KHAN,13:00:05 
SALMAN KHAN,13:00:05 
SALMAN KHAN,13:00:05 
SALMAN KHAN,13:00:05 
SALMAN KHAN,13:00:05 
SALMAN KHAN,13:00:05 
SALMAN KHAN,13:00:05 
SALMAN KHAN,13:00:05 
SALMAN KHAN,13:00:05 
SALMAN KHAN,13:00:05 
SALMAN KHAN,13:00:05 
SALMAN KHAN,13:00:05 
SALMAN KHAN,13:00:05 
SALMAN KHAN,13:00:05 
SALMAN KHAN,13:00:05 
SALMAN KHAN,13:00:05 
SALMAN KHAN,13:00:05 
SALMAN KHAN,13:00:05 
SALMAN KHAN,13:00:05 
SALMAN KHAN,13:00:05 
SALMAN KHAN,13:00:05 
SALMAN KHAN,13:00:05 
SALMAN KHAN,13:00:05 
SALMAN KHAN,13:00:05 
SALMAN KHAN,13:00:05 
SALMAN KHAN,13:00:05 
SALMAN KHAN,13:00:05 
SALMAN KHAN,13:00:05 
SALMAN KHAN,13:00:05 
SALMAN KHAN,13:00:05 
SALMAN KHAN,13:00:05 
SALMAN KHAN,13:00:05 
SALMAN KHAN,13:00:05 
SALMAN KHAN,13:00:05 
SALMAN KHAN,13:00:05 
SALMAN KHAN,13:00:05 
SALMAN KHAN,13:00:05 
SALMAN KHAN,13:00:05 
SALMAN KHAN,13:00:05 
SALMAN KHAN,13:00:05 
SALMAN KHAN,13:00:05 
SALMAN KHAN,13:00:05 
SALMAN KHAN,13:00:05 
SALMAN KHAN,13:00:05 
SALMAN KHAN,13:00:05 
SALMAN KHAN,13:00:05 
SALMAN KHAN,13:00:05 
SALMAN KHAN,13:00:05 
SALMAN KHAN,13:00:05 
SALMAN KHAN,13:00:05 
SALMAN KHAN,13:00:05 
SALMAN KHAN,13:00:05 
SALMAN KHAN,13:00:05 
SALMAN KHAN,13:00:05 
SALMAN KHAN,13:00:05 
SALMAN KHAN,13:00:05 
SALMAN KHAN,13:00:05 
SALMAN KHAN,13:00:05 
SALMAN KHAN,13:00:05 
SALMAN KHAN,13:00:05 
SALMAN KHAN,13:00:05 
SALMAN KHAN,13:00:05 
SALMAN KHAN,13:00:05 
SALMAN KHAN,13:00:05 
SALMAN KHAN,13:00:05 
SALMAN KHAN,13:00:05 
SALMAN KHAN,13:00:05 
SALMAN KHAN,13:00:05 
SALMAN KHAN,13:00:05 
SALMAN KHAN,13:00:05 
SALMAN KHAN,13:00:05 
SALMAN KHAN,13:00:05 
SALMAN KHAN,13:00:05 
SALMAN KHAN,13:00:05 
SALMAN KHAN,13:00:05 
SALMAN KHAN,13:00:05 
SALMAN KHAN,13:00:05 
SALMAN KHAN,13:00:05 
SALMAN KHAN,13:00:05 
SALMAN KHAN,13:00:05 
SALMAN KHAN,13:00:05 
SALMAN KHAN,13:00:05 
SALMAN KHAN,13:00:05 
SALMAN KHAN,13:00:05 
SALMAN KHAN,13:00:05 
SALMAN KHAN,13:00:05 
SALMAN KHAN,13:00:05 
SALMAN KHAN,13:00:05 
SALMAN KHAN,13:00:05 
SALMAN KHAN,13:00:05 
SALMAN KHAN,13:00:05 
SALMAN KHAN,13:00:05 
SALMAN KHAN,13:00:05 
SALMAN KHAN,13:00:05 
SALMAN KHAN,13:00:05 
SALMAN KHAN,13:00:05 
SALMAN KHAN,13:00:05 
SALMAN KHAN,13:00:06 
SALMAN KHAN,13:00:06 
SALMAN KHAN,13:00:06 
SALMAN KHAN,13:00:06 
SALMAN KHAN,13:00:06 
SALMAN KHAN,13:00:06 
SALMAN KHAN,13:00:06 
SALMAN KHAN,13:00:06 
SALMAN KHAN,13:00:06 
SALMAN KHAN,13:00:06 
SALMAN KHAN,13:00:06 
SALMAN KHAN,13:00:06 
SALMAN KHAN,13:00:06 
SALMAN KHAN,13:00:06 
SALMAN KHAN,13:00:06 
SALMAN KHAN,13:00:06 
SALMAN KHAN,13:00:06 
SALMAN KHAN,13:00:06 
SALMAN KHAN,13:00:06 
SALMAN KHAN,13:00:06 
SALMAN KHAN,13:00:06 
SALMAN KHAN,13:00:06 
SALMAN KHAN,13:00:06 
SALMAN KHAN,13:00:06 
SALMAN KHAN,13:00:06 
SALMAN KHAN,13:00:06 
SALMAN KHAN,13:00:06 
SALMAN KHAN,13:00:06 
SALMAN KHAN,13:00:06 
SALMAN KHAN,13:00:06 
SALMAN KHAN,13:00:06 
SALMAN KHAN,13:00:06 
SALMAN KHAN,13:00:06 
SALMAN KHAN,13:00:06 
SALMAN KHAN,13:00:06 
SALMAN KHAN,13:00:06 
SALMAN KHAN,13:00:06 
SALMAN KHAN,13:00:06 
SALMAN KHAN,13:00:06 
SALMAN KHAN,13:00:06 
SALMAN KHAN,13:00:06 
SALMAN KHAN,13:00:06 
SALMAN KHAN,13:00:06 
SALMAN KHAN,13:00:06 
SALMAN KHAN,13:00:06 
SALMAN KHAN,13:00:06 
SALMAN KHAN,13:00:06 
SALMAN KHAN,13:00:06 
SALMAN KHAN,13:00:06 
SALMAN KHAN,13:00:06 
SALMAN KHAN,13:00:06 
SALMAN KHAN,13:00:06 
SALMAN KHAN,13:00:06 
SALMAN KHAN,13:00:06 
SALMAN KHAN,13:00:06 
SALMAN KHAN,13:00:06 
SALMAN KHAN,13:00:06 
SALMAN KHAN,13:00:06 
SALMAN KHAN,13:00:06 
SALMAN KHAN,13:00:06 
SALMAN KHAN,13:00:06 
SALMAN KHAN,13:00:06 
SALMAN KHAN,13:00:06 
SALMAN KHAN,13:00:06 
SALMAN KHAN,13:00:06 
SALMAN KHAN,13:00:06 
SALMAN KHAN,13:00:06 
SALMAN KHAN,13:00:06 
SALMAN KHAN,13:00:06 
SALMAN KHAN,13:00:06 
SALMAN KHAN,13:00:06 
SALMAN KHAN,13:00:06 
SALMAN KHAN,13:00:06 
SALMAN KHAN,13:00:06 
SALMAN KHAN,13:00:06 
SALMAN KHAN,13:00:06 
SALMAN KHAN,13:00:06 
SALMAN KHAN,13:00:06 
SALMAN KHAN,13:00:06 
SALMAN KHAN,13:00:06 
SALMAN KHAN,13:00:06 
SALMAN KHAN,13:00:06 
SALMAN KHAN,13:00:06 
SALMAN KHAN,13:00:06 
SALMAN KHAN,13:00:06 
SALMAN KHAN,13:00:06 
SALMAN KHAN,13:00:06 
SALMAN KHAN,13:00:06 
SALMAN KHAN,13:00:06 
SALMAN KHAN,13:00:06 
SALMAN KHAN,13:00:06 
SALMAN KHAN,13:00:06 
SALMAN KHAN,13:00:06 
SALMAN KHAN,13:00:06 
SALMAN KHAN,13:00:06 
SALMAN KHAN,13:00:06 
SALMAN KHAN,13:00:06 
SALMAN KHAN,13:00:06 
SALMAN KHAN,13:00:06 
SALMAN KHAN,13:00:06 
SALMAN KHAN,13:00:06 
SALMAN KHAN,13:00:06 
SALMAN KHAN,13:00:06 
SALMAN KHAN,13:00:06 
SALMAN KHAN,13:00:06 
SALMAN KHAN,13:00:06 
SALMAN KHAN,13:00:06 
SALMAN KHAN,13:00:06 
SALMAN KHAN,13:00:06 
SALMAN KHAN,13:00:06 
SALMAN KHAN,13:00:06 
SALMAN KHAN,13:00:06 
SALMAN KHAN,13:00:06 
SALMAN KHAN,13:00:06 
SALMAN KHAN,13:00:06 
SALMAN KHAN,13:00:06 
SALMAN KHAN,13:00:06 
SALMAN KHAN,13:00:06 
SALMAN KHAN,13:00:06 
SALMAN KHAN,13:00:06 
SALMAN KHAN,13:00:06 
SALMAN KHAN,13:00:06 
SALMAN KHAN,13:00:06 
SALMAN KHAN,13:00:06 
SALMAN KHAN,13:00:06 
SALMAN KHAN,13:00:06 
SALMAN KHAN,13:00:06 
SALMAN KHAN,13:00:06 
SALMAN KHAN,13:00:06 
SALMAN KHAN,13:00:06 
SALMAN KHAN,13:00:06 
SALMAN KHAN,13:00:06 
SALMAN KHAN,13:00:06 
SALMAN KHAN,13:00:06 
SALMAN KHAN,13:00:06 
SALMAN KHAN,13:00:06 
SALMAN KHAN,13:00:06 
SALMAN KHAN,13:00:06 
SALMAN KHAN,13:00:06 
SALMAN KHAN,13:00:06 
SALMAN KHAN,13:00:06 
SALMAN KHAN,13:00:06 
SALMAN KHAN,13:00:06 
SALMAN KHAN,13:00:06 
SALMAN KHAN,13:00:06 
SALMAN KHAN,13:00:06 
SALMAN KHAN,13:00:06 
SALMAN KHAN,13:00:06 
SALMAN KHAN,13:00:06 
SALMAN KHAN,13:00:06 
SALMAN KHAN,13:00:06 
SALMAN KHAN,13:00:06 
SALMAN KHAN,13:00:06 
SALMAN KHAN,13:00:06 
SALMAN KHAN,13:00:06 
SALMAN KHAN,13:00:06 
SALMAN KHAN,13:00:07 
SALMAN KHAN,13:00:07 
SALMAN KHAN,13:00:07 
SALMAN KHAN,13:00:07 
SALMAN KHAN,13:00:07 
SALMAN KHAN,13:00:07 
SALMAN KHAN,13:00:07 
SALMAN KHAN,13:00:07 
SALMAN KHAN,13:00:07 
SALMAN KHAN,13:00:07 
SALMAN KHAN,13:00:07 
SALMAN KHAN,13:00:07 
SALMAN KHAN,13:00:07 
SALMAN KHAN,13:00:07 
SALMAN KHAN,13:00:07 
SALMAN KHAN,13:00:07 
SALMAN KHAN,13:00:07 
SALMAN KHAN,13:00:07 
SALMAN KHAN,13:00:07 
SALMAN KHAN,13:00:07 
SALMAN KHAN,13:00:07 
SALMAN KHAN,13:00:07 
SALMAN KHAN,13:00:07 
SALMAN KHAN,13:00:07 
SALMAN KHAN,13:00:07 
SALMAN KHAN,13:00:07 
SALMAN KHAN,13:00:07 
SALMAN KHAN,13:00:07 
SALMAN KHAN,13:00:07 
SALMAN KHAN,13:00:07 
SALMAN KHAN,13:00:07 
SALMAN KHAN,13:00:07 
SALMAN KHAN,13:00:07 
SALMAN KHAN,13:00:07 
SALMAN KHAN,13:00:07 
SALMAN KHAN,13:00:07 
SALMAN KHAN,13:00:07 
SALMAN KHAN,13:00:07 
SALMAN KHAN,13:00:07 
SALMAN KHAN,13:00:07 
SALMAN KHAN,13:00:07 
SALMAN KHAN,13:00:07 
SALMAN KHAN,13:00:07 
SALMAN KHAN,13:00:07 
SALMAN KHAN,13:00:07 
SALMAN KHAN,13:00:07 
SALMAN KHAN,13:00:07 
SALMAN KHAN,13:00:07 
SALMAN KHAN,13:00:07 
SALMAN KHAN,13:00:07 
SALMAN KHAN,13:00:07 
SALMAN KHAN,13:00:07 
SALMAN KHAN,13:00:07 
SALMAN KHAN,13:00:07 
SALMAN KHAN,13:00:07 
SALMAN KHAN,13:00:07 
SALMAN KHAN,13:00:07 
SALMAN KHAN,13:00:07 
SALMAN KHAN,13:00:07 
SALMAN KHAN,13:00:07 
SALMAN KHAN,13:00:07 
SALMAN KHAN,13:00:07 
SALMAN KHAN,13:00:07 
SALMAN KHAN,13:00:07 
SALMAN KHAN,13:00:07 
SALMAN KHAN,13:00:07 
SALMAN KHAN,13:00:07 
SALMAN KHAN,13:00:07 
SALMAN KHAN,13:00:07 
SALMAN KHAN,13:00:07 
SALMAN KHAN,13:00:07 
SALMAN KHAN,13:00:07 
SALMAN KHAN,13:00:07 
SALMAN KHAN,13:00:07 
SALMAN KHAN,13:00:07 
SALMAN KHAN,13:00:07 
SALMAN KHAN,13:00:07 
SALMAN KHAN,13:00:07 
SALMAN KHAN,13:00:07 
SALMAN KHAN,13:00:07 
SALMAN KHAN,13:00:07 
SALMAN KHAN,13:00:07 
SALMAN KHAN,13:00:07 
SALMAN KHAN,13:00:07 
SALMAN KHAN,13:00:07 
SALMAN KHAN,13:00:07 
SALMAN KHAN,13:00:07 
SALMAN KHAN,13:00:07 
SALMAN KHAN,13:00:07 
SALMAN KHAN,13:00:07 
SALMAN KHAN,13:00:07 
SALMAN KHAN,13:00:07 
SALMAN KHAN,13:00:07 
SALMAN KHAN,13:00:07 
SALMAN KHAN,13:00:07 
SALMAN KHAN,13:00:07 
SALMAN KHAN,13:00:07 
SALMAN KHAN,13:00:07 
SALMAN KHAN,13:00:07 
SALMAN KHAN,13:00:07 
SALMAN KHAN,13:00:07 
SALMAN KHAN,13:00:07 
SALMAN KHAN,13:00:07 
SALMAN KHAN,13:00:07 
SALMAN KHAN,13:00:07 
SALMAN KHAN,13:00:07 
SALMAN KHAN,13:00:07 
SALMAN KHAN,13:00:07 
SALMAN KHAN,13:00:07 
SALMAN KHAN,13:00:07 
SALMAN KHAN,13:00:07 
SALMAN KHAN,13:00:07 
SALMAN KHAN,13:00:07 
SALMAN KHAN,13:00:07 
SALMAN KHAN,13:00:07 
SALMAN KHAN,13:00:07 
SALMAN KHAN,13:00:07 
SALMAN KHAN,13:00:07 
SALMAN KHAN,13:00:07 
SALMAN KHAN,13:00:07 
SALMAN KHAN,13:00:07 
SALMAN KHAN,13:00:07 
SALMAN KHAN,13:00:07 
SALMAN KHAN,13:00:07 
SALMAN KHAN,13:00:07 
SALMAN KHAN,13:00:07 
SALMAN KHAN,13:00:07 
SALMAN KHAN,13:00:07 
SALMAN KHAN,13:00:07 
SALMAN KHAN,13:00:07 
SALMAN KHAN,13:00:07 
SALMAN KHAN,13:00:07 
SALMAN KHAN,13:00:07 
SALMAN KHAN,13:00:07 
SALMAN KHAN,13:00:07 
SALMAN KHAN,13:00:07 
SALMAN KHAN,13:00:07 
SALMAN KHAN,13:00:07 
SALMAN KHAN,13:00:07 
SALMAN KHAN,13:00:07 
SALMAN KHAN,13:00:07 
SALMAN KHAN,13:00:07 
SALMAN KHAN,13:00:07 
SALMAN KHAN,13:00:07 
SALMAN KHAN,13:00:07 
SALMAN KHAN,13:00:07 
SALMAN KHAN,13:00:07 
SALMAN KHAN,13:00:07 
SALMAN KHAN,13:00:07 
SALMAN KHAN,13:00:07 
SALMAN KHAN,13:00:07 
SALMAN KHAN,13:00:07 
SALMAN KHAN,13:00:07 
SALMAN KHAN,13:00:07 
SALMAN KHAN,13:00:07 
SALMAN KHAN,13:00:07 
SALMAN KHAN,13:00:07 
SALMAN KHAN,13:00:07 
SALMAN KHAN,13:00:07 
SALMAN KHAN,13:00:07 
SALMAN KHAN,13:00:07 
SALMAN KHAN,13:00:07 
SALMAN KHAN,13:00:07 
SALMAN KHAN,13:00:07 
SALMAN KHAN,13:00:07 
SALMAN KHAN,13:00:07 
SALMAN KHAN,13:00:07 
SALMAN KHAN,13:00:07 
SALMAN KHAN,13:00:07 
SALMAN KHAN,13:00:07 
SALMAN KHAN,13:00:07 
SALMAN KHAN,13:00:07 
SALMAN KHAN,13:00:07 
SALMAN KHAN,13:00:07 
SALMAN KHAN,13:00:07 
SALMAN KHAN,13:00:07 
SALMAN KHAN,13:00:07 
SALMAN KHAN,13:00:07 
SALMAN KHAN,13:00:07 
SALMAN KHAN,13:00:07 
SALMAN KHAN,13:00:07 
SALMAN KHAN,13:00:07 
SALMAN KHAN,13:00:07 
SALMAN KHAN,13:00:07 
SALMAN KHAN,13:00:07 
SALMAN KHAN,13:00:07 
SALMAN KHAN,13:00:07 
SALMAN KHAN,13:00:07 
SALMAN KHAN,13:00:07 
SALMAN KHAN,13:00:07 
SALMAN KHAN,13:00:07 
SALMAN KHAN,13:00:07 
SALMAN KHAN,13:00:07 
SALMAN KHAN,13:00:07 
SALMAN KHAN,13:00:07 
SALMAN KHAN,13:00:07 
SALMAN KHAN,13:00:07 
SALMAN KHAN,13:00:07 
SALMAN KHAN,13:00:07 
SALMAN KHAN,13:00:07 
SALMAN KHAN,13:00:07 
SALMAN KHAN,13:00:07 
SALMAN KHAN,13:00:07 
SALMAN KHAN,13:00:07 
SALMAN KHAN,13:00:07 
SALMAN KHAN,13:00:07 
SALMAN KHAN,13:00:07 
SALMAN KHAN,13:00:07 
SALMAN KHAN,13:00:07 
SALMAN KHAN,13:00:07 
SALMAN KHAN,13:00:07 
SALMAN KHAN,13:00:07 
SALMAN KHAN,13:00:07 
SALMAN KHAN,13:00:07 
SALMAN KHAN,13:00:07 
SALMAN KHAN,13:00:07 
SALMAN KHAN,13:00:07 
SALMAN KHAN,13:00:07 
SALMAN KHAN,13:00:07 
SALMAN KHAN,13:00:07 
SALMAN KHAN,13:00:07 
SALMAN KHAN,13:00:07 
SALMAN KHAN,13:00:07 
SALMAN KHAN,13:00:07 
SALMAN KHAN,13:00:07 
SALMAN KHAN,13:00:07 
SALMAN KHAN,13:00:07 
SALMAN KHAN,13:00:07 
SALMAN KHAN,13:00:07 
SALMAN KHAN,13:00:07 
SALMAN KHAN,13:00:07 
SALMAN KHAN,13:00:07 
SALMAN KHAN,13:00:07 
SALMAN KHAN,13:00:07 
SALMAN KHAN,13:00:07 
SALMAN KHAN,13:00:07 
SALMAN KHAN,13:00:07 
SALMAN KHAN,13:00:07 
SALMAN KHAN,13:00:07 
SALMAN KHAN,13:00:07 
SALMAN KHAN,13:00:07 
SALMAN KHAN,13:00:07 
SALMAN KHAN,13:00:07 
SALMAN KHAN,13:00:07 
SALMAN KHAN,13:00:07 
SALMAN KHAN,13:00:07 
SALMAN KHAN,13:00:07 
SALMAN KHAN,13:00:07 
SALMAN KHAN,13:00:07 
SALMAN KHAN,13:00:07 
SALMAN KHAN,13:00:07 
SALMAN KHAN,13:00:07 
SALMAN KHAN,13:00:07 
SALMAN KHAN,13:00:07 
SALMAN KHAN,13:00:07 
SALMAN KHAN,13:00:07 
SALMAN KHAN,13:00:07 
SALMAN KHAN,13:00:07 
SALMAN KHAN,13:00:07 
SALMAN KHAN,13:00:07 
SALMAN KHAN,13:00:07 
SALMAN KHAN,13:00:07 
SALMAN KHAN,13:00:07 
SALMAN KHAN,13:00:07 
SALMAN KHAN,13:00:07 
SALMAN KHAN,13:00:07 
SALMAN KHAN,13:00:07 
SALMAN KHAN,13:00:07 
SALMAN KHAN,13:00:07 
SALMAN KHAN,13:00:07 
SALMAN KHAN,13:00:07 
SALMAN KHAN,13:00:07 
SALMAN KHAN,13:00:07 
SALMAN KHAN,13:00:07 
SALMAN KHAN,13:00:07 
SALMAN KHAN,13:00:07 
SALMAN KHAN,13:00:07 
SALMAN KHAN,13:00:07 
SALMAN KHAN,13:00:07 
SALMAN KHAN,13:00:07 
SALMAN KHAN,13:00:07 
SALMAN KHAN,13:00:07 
SALMAN KHAN,13:00:07 
SALMAN KHAN,13:00:07 
SALMAN KHAN,13:00:07 
SALMAN KHAN,13:00:07 
SALMAN KHAN,13:00:07 
SALMAN KHAN,13:00:07 
SALMAN KHAN,13:00:07 
SALMAN KHAN,13:00:07 
SALMAN KHAN,13:00:07 
SALMAN KHAN,13:00:07 
SALMAN KHAN,13:00:07 
SALMAN KHAN,13:00:07 
SALMAN KHAN,13:00:07 
SALMAN KHAN,13:00:07 
SALMAN KHAN,13:00:07 
SALMAN KHAN,13:00:07 
SALMAN KHAN,13:00:07 
SALMAN KHAN,13:00:07 
SALMAN KHAN,13:00:07 
SALMAN KHAN,13:00:07 
SALMAN KHAN,13:00:07 
SALMAN KHAN,13:00:07 
SALMAN KHAN,13:00:07 
SALMAN KHAN,13:00:07 
SALMAN KHAN,13:00:07 
SALMAN KHAN,13:00:07 
SALMAN KHAN,13:00:07 
SALMAN KHAN,13:00:07 
SALMAN KHAN,13:00:07 
SALMAN KHAN,13:00:07 
SALMAN KHAN,13:00:09 
SALMAN KHAN,13:00:09 
SALMAN KHAN,13:00:09 
SALMAN KHAN,13:00:09 
SALMAN KHAN,13:00:09 
SALMAN KHAN,13:00:09 
SALMAN KHAN,13:00:09 
SALMAN KHAN,13:00:09 
SALMAN KHAN,13:00:09 
SALMAN KHAN,13:00:09 
SALMAN KHAN,13:00:09 
SALMAN KHAN,13:00:09 
SALMAN KHAN,13:00:09 
SALMAN KHAN,13:00:09 
SALMAN KHAN,13:00:09 
SALMAN KHAN,13:00:09 
SALMAN KHAN,13:00:09 
SALMAN KHAN,13:00:09 
SALMAN KHAN,13:00:09 
SALMAN KHAN,13:00:09 
SALMAN KHAN,13:00:09 
SALMAN KHAN,13:00:09 
SALMAN KHAN,13:00:09 
SALMAN KHAN,13:00:09 
SALMAN KHAN,13:00:09 
SALMAN KHAN,13:00:09 
SALMAN KHAN,13:00:09 
SALMAN KHAN,13:00:09 
SALMAN KHAN,13:00:09 
SALMAN KHAN,13:00:09 
SALMAN KHAN,13:00:09 
SALMAN KHAN,13:00:09 
SALMAN KHAN,13:00:09 
SALMAN KHAN,13:00:09 
SALMAN KHAN,13:00:09 
SALMAN KHAN,13:00:09 
SALMAN KHAN,13:00:09 
SALMAN KHAN,13:00:09 
SALMAN KHAN,13:00:09 
SALMAN KHAN,13:00:09 
SALMAN KHAN,13:00:09 
SALMAN KHAN,13:00:09 
SALMAN KHAN,13:00:09 
SALMAN KHAN,13:00:09 
SALMAN KHAN,13:00:09 
SALMAN KHAN,13:00:09 
SALMAN KHAN,13:00:09 
SALMAN KHAN,13:00:09 
SALMAN KHAN,13:00:09 
SALMAN KHAN,13:00:09 
SALMAN KHAN,13:00:09 
SALMAN KHAN,13:00:09 
SALMAN KHAN,13:00:09 
SALMAN KHAN,13:00:09 
SALMAN KHAN,13:00:09 
SALMAN KHAN,13:00:09 
SALMAN KHAN,13:00:09 
SALMAN KHAN,13:00:09 
SALMAN KHAN,13:00:09 
SALMAN KHAN,13:00:09 
SALMAN KHAN,13:00:09 
SALMAN KHAN,13:00:09 
SALMAN KHAN,13:00:09 
SALMAN KHAN,13:00:09 
SALMAN KHAN,13:00:09 
SALMAN KHAN,13:00:09 
SALMAN KHAN,13:00:09 
SALMAN KHAN,13:00:09 
SALMAN KHAN,13:00:09 
SALMAN KHAN,13:00:09 
SALMAN KHAN,13:00:09 
SALMAN KHAN,13:00:09 
SALMAN KHAN,13:00:09 
SALMAN KHAN,13:00:09 
SALMAN KHAN,13:00:09 
SALMAN KHAN,13:00:09 
SALMAN KHAN,13:00:09 
SALMAN KHAN,13:00:09 
SALMAN KHAN,13:00:09 
SALMAN KHAN,13:00:09 
SALMAN KHAN,13:00:09 
SALMAN KHAN,13:00:09 
SALMAN KHAN,13:00:09 
SALMAN KHAN,13:00:09 
SALMAN KHAN,13:00:09 
SALMAN KHAN,13:00:09 
SALMAN KHAN,13:00:09 
SALMAN KHAN,13:00:09 
SALMAN KHAN,13:00:09 
SALMAN KHAN,13:00:09 
SALMAN KHAN,13:00:09 
SALMAN KHAN,13:00:09 
SALMAN KHAN,13:00:09 
SALMAN KHAN,13:00:09 
SALMAN KHAN,13:00:09 
SALMAN KHAN,13:00:09 
SALMAN KHAN,13:00:09 
SALMAN KHAN,13:00:09 
SALMAN KHAN,13:00:09 
SALMAN KHAN,13:00:09 
SALMAN KHAN,13:00:09 
SALMAN KHAN,13:00:09 
SALMAN KHAN,13:00:09 
SALMAN KHAN,13:00:09 
SALMAN KHAN,13:00:09 
SALMAN KHAN,13:00:09 
SALMAN KHAN,13:00:09 
SALMAN KHAN,13:00:09 
SALMAN KHAN,13:00:09 
SALMAN KHAN,13:00:09 
SALMAN KHAN,13:00:09 
SALMAN KHAN,13:00:09 
SALMAN KHAN,13:00:09 
SALMAN KHAN,13:00:09 
SALMAN KHAN,13:00:09 
SALMAN KHAN,13:00:09 
SALMAN KHAN,13:00:09 
SALMAN KHAN,13:00:09 
SALMAN KHAN,13:00:09 
SALMAN KHAN,13:00:09 
SALMAN KHAN,13:00:09 
SALMAN KHAN,13:00:09 
SALMAN KHAN,13:00:09 
SALMAN KHAN,13:00:09 
SALMAN KHAN,13:00:09 
SALMAN KHAN,13:00:09 
SALMAN KHAN,13:00:09 
SALMAN KHAN,13:00:09 
SALMAN KHAN,13:00:09 
SALMAN KHAN,13:00:09 
SALMAN KHAN,13:00:09 
SALMAN KHAN,13:00:09 
SALMAN KHAN,13:00:09 
SALMAN KHAN,13:00:09 
SALMAN KHAN,13:00:09 
SALMAN KHAN,13:00:09 
SALMAN KHAN,13:00:09 
SALMAN KHAN,13:00:09 
SALMAN KHAN,13:00:09 
SALMAN KHAN,13:00:09 
SALMAN KHAN,13:00:09 
SALMAN KHAN,13:00:09 
SALMAN KHAN,13:00:09 
SALMAN KHAN,13:00:09 
SALMAN KHAN,13:00:09 
SALMAN KHAN,13:00:09 
SALMAN KHAN,13:00:09 
SALMAN KHAN,13:00:09 
SALMAN KHAN,13:00:09 
SALMAN KHAN,13:00:09 
SALMAN KHAN,13:00:09 
SALMAN KHAN,13:00:09 
SALMAN KHAN,13:00:09 
SALMAN KHAN,13:00:09 
SALMAN KHAN,13:00:09 
SALMAN KHAN,13:00:09 
SALMAN KHAN,13:00:09 
SALMAN KHAN,13:00:09 
SALMAN KHAN,13:00:09 
SALMAN KHAN,13:00:09 
SALMAN KHAN,13:00:09 
SALMAN KHAN,13:00:09 
SALMAN KHAN,13:00:09 
SALMAN KHAN,13:00:09 
SALMAN KHAN,13:00:09 
SALMAN KHAN,13:00:09 
SALMAN KHAN,13:00:09 
SALMAN KHAN,13:00:09 
SALMAN KHAN,13:00:09 
SALMAN KHAN,13:00:09 
SALMAN KHAN,13:00:09 
SALMAN KHAN,13:00:09 
SALMAN KHAN,13:00:09 
SALMAN KHAN,13:00:09 
SALMAN KHAN,13:00:09 
SALMAN KHAN,13:00:09 
SALMAN KHAN,13:00:09 
SALMAN KHAN,13:00:09 
SALMAN KHAN,13:00:09 
SALMAN KHAN,13:00:09 
SALMAN KHAN,13:00:09 
SALMAN KHAN,13:00:09 
SALMAN KHAN,13:00:09 
SALMAN KHAN,13:00:09 
SALMAN KHAN,13:00:09 
SALMAN KHAN,13:00:09 
SALMAN KHAN,13:00:09 
SALMAN KHAN,13:00:09 
SALMAN KHAN,13:00:09 
SALMAN KHAN,13:00:09 
SALMAN KHAN,13:00:09 
SALMAN KHAN,13:00:09 
SALMAN KHAN,13:00:09 
SALMAN KHAN,13:00:09 
SALMAN KHAN,13:00:09 
SALMAN KHAN,13:00:09 
SALMAN KHAN,13:00:09 
SALMAN KHAN,13:00:09 
SALMAN KHAN,13:00:09 
SALMAN KHAN,13:00:09 
SALMAN KHAN,13:00:09 
SALMAN KHAN,13:00:09 
SALMAN KHAN,13:00:09 
SALMAN KHAN,13:00:09 
SALMAN KHAN,13:00:09 
SALMAN KHAN,13:00:09 
SALMAN KHAN,13:00:09 
SALMAN KHAN,13:00:09 
SALMAN KHAN,13:00:09 
SALMAN KHAN,13:00:09 
SALMAN KHAN,13:00:09 
SALMAN KHAN,13:00:09 
SALMAN KHAN,13:00:09 
SALMAN KHAN,13:00:09 
SALMAN KHAN,13:00:09 
SALMAN KHAN,13:00:09 
SALMAN KHAN,13:00:09 
SALMAN KHAN,13:00:09 
SALMAN KHAN,13:00:09 
SALMAN KHAN,13:00:09 
SALMAN KHAN,13:00:09 
SALMAN KHAN,13:00:09 
SALMAN KHAN,13:00:09 
SALMAN KHAN,13:00:09 
SALMAN KHAN,13:00:09 
SALMAN KHAN,13:00:09 
SALMAN KHAN,13:00:09 
SALMAN KHAN,13:00:09 
SALMAN KHAN,13:00:09 
SALMAN KHAN,13:00:09 
SALMAN KHAN,13:00:09 
SALMAN KHAN,13:00:09 
SALMAN KHAN,13:00:09 
SALMAN KHAN,13:00:09 
SALMAN KHAN,13:00:09 
SALMAN KHAN,13:00:09 
SALMAN KHAN,13:00:09 
SALMAN KHAN,13:00:09 
SALMAN KHAN,13:00:09 
SALMAN KHAN,13:00:09 
SALMAN KHAN,13:00:09 
SALMAN KHAN,13:00:09 
SALMAN KHAN,13:00:09 
SALMAN KHAN,13:00:09 
SALMAN KHAN,13:00:09 
SALMAN KHAN,13:00:09 
SALMAN KHAN,13:00:09 
SALMAN KHAN,13:00:09 
SALMAN KHAN,13:00:09 
SALMAN KHAN,13:00:09 
SALMAN KHAN,13:00:09 
SALMAN KHAN,13:00:09 
SALMAN KHAN,13:00:09 
SALMAN KHAN,13:00:09 
SALMAN KHAN,13:00:09 
SALMAN KHAN,13:00:09 
SALMAN KHAN,13:00:09 
SALMAN KHAN,13:00:09 
SALMAN KHAN,13:00:09 
SALMAN KHAN,13:00:09 
SALMAN KHAN,13:00:09 
SALMAN KHAN,13:00:09 
SALMAN KHAN,13:00:09 
SALMAN KHAN,13:00:09 
SALMAN KHAN,13:00:09 
SALMAN KHAN,13:00:09 
SALMAN KHAN,13:00:09 
SALMAN KHAN,13:00:09 
SALMAN KHAN,13:00:09 
SALMAN KHAN,13:00:09 
SALMAN KHAN,13:00:09 
SALMAN KHAN,13:00:09 
SALMAN KHAN,13:00:09 
SALMAN KHAN,13:00:09 
SALMAN KHAN,13:00:09 
SALMAN KHAN,13:00:09 
SALMAN KHAN,13:00:09 
SALMAN KHAN,13:00:09 
SALMAN KHAN,13:00:09 
SALMAN KHAN,13:00:09 
SALMAN KHAN,13:00:09 
SALMAN KHAN,13:00:09 
SALMAN KHAN,13:00:09 
SALMAN KHAN,13:00:09 
SALMAN KHAN,13:00:09 
SALMAN KHAN,13:00:09 
SALMAN KHAN,13:00:09 
SALMAN KHAN,13:00:09 
SALMAN KHAN,13:00:09 
SALMAN KHAN,13:00:09 
SALMAN KHAN,13:00:09 
SALMAN KHAN,13:00:09 
SALMAN KHAN,13:00:09 
SALMAN KHAN,13:00:09 
SALMAN KHAN,13:00:09 
SALMAN KHAN,13:00:09 
SALMAN KHAN,13:00:09 
SALMAN KHAN,13:00:09 
SALMAN KHAN,13:00:09 
SALMAN KHAN,13:00:09 
SALMAN KHAN,13:00:09 
SALMAN KHAN,13:00:09 
SALMAN KHAN,13:00:09 
SALMAN KHAN,13:00:09 
SALMAN KHAN,13:00:09 
SALMAN KHAN,13:00:09 
SALMAN KHAN,13:00:09 
SALMAN KHAN,13:00:09 
SALMAN KHAN,13:00:09 
SALMAN KHAN,13:00:09 
SALMAN KHAN,13:00:09 
SALMAN KHAN,13:00:09 
SALMAN KHAN,13:00:11 
SALMAN KHAN,13:00:11 
SALMAN KHAN,13:00:11 
SALMAN KHAN,13:00:11 
SALMAN KHAN,13:00:11 
SALMAN KHAN,13:00:11 
SALMAN KHAN,13:00:11 
SALMAN KHAN,13:00:11 
SALMAN KHAN,13:00:11 
SALMAN KHAN,13:00:11 
SALMAN KHAN,13:00:11 
SALMAN KHAN,13:00:11 
SALMAN KHAN,13:00:11 
SALMAN KHAN,13:00:11 
SALMAN KHAN,13:00:11 
SALMAN KHAN,13:00:11 
SALMAN KHAN,13:00:11 
SALMAN KHAN,13:00:11 
SALMAN KHAN,13:00:11 
SALMAN KHAN,13:00:11 
SALMAN KHAN,13:00:11 
SALMAN KHAN,13:00:11 
SALMAN KHAN,13:00:11 
SALMAN KHAN,13:00:11 
SALMAN KHAN,13:00:11 
SALMAN KHAN,13:00:11 
SALMAN KHAN,13:00:11 
SALMAN KHAN,13:00:11 
SALMAN KHAN,13:00:11 
SALMAN KHAN,13:00:11 
SALMAN KHAN,13:00:11 
SALMAN KHAN,13:00:11 
SALMAN KHAN,13:00:11 
SALMAN KHAN,13:00:11 
SALMAN KHAN,13:00:11 
SALMAN KHAN,13:00:11 
SALMAN KHAN,13:00:11 
SALMAN KHAN,13:00:11 
SALMAN KHAN,13:00:11 
SALMAN KHAN,13:00:11 
SALMAN KHAN,13:00:11 
SALMAN KHAN,13:00:11 
SALMAN KHAN,13:00:11 
SALMAN KHAN,13:00:11 
SALMAN KHAN,13:00:11 
SALMAN KHAN,13:00:11 
SALMAN KHAN,13:00:11 
SALMAN KHAN,13:00:11 
SALMAN KHAN,13:00:11 
SALMAN KHAN,13:00:11 
SALMAN KHAN,13:00:11 
SALMAN KHAN,13:00:11 
SALMAN KHAN,13:00:11 
SALMAN KHAN,13:00:11 
SALMAN KHAN,13:00:11 
SALMAN KHAN,13:00:11 
SALMAN KHAN,13:00:11 
SALMAN KHAN,13:00:11 
SALMAN KHAN,13:00:11 
SALMAN KHAN,13:00:11 
SALMAN KHAN,13:00:11 
SALMAN KHAN,13:00:11 
SALMAN KHAN,13:00:11 
SALMAN KHAN,13:00:11 
SALMAN KHAN,13:00:11 
SALMAN KHAN,13:00:11 
SALMAN KHAN,13:00:11 
SALMAN KHAN,13:00:11 
SALMAN KHAN,13:00:11 
SALMAN KHAN,13:00:11 
SALMAN KHAN,13:00:11 
SALMAN KHAN,13:00:11 
SALMAN KHAN,13:00:11 
SALMAN KHAN,13:00:11 
SALMAN KHAN,13:00:11 
SALMAN KHAN,13:00:11 
SALMAN KHAN,13:00:11 
SALMAN KHAN,13:00:11 
SALMAN KHAN,13:00:11 
SALMAN KHAN,13:00:11 
SALMAN KHAN,13:00:11 
SALMAN KHAN,13:00:11 
SALMAN KHAN,13:00:11 
SALMAN KHAN,13:00:11 
SALMAN KHAN,13:00:11 
SALMAN KHAN,13:00:11 
SALMAN KHAN,13:00:11 
SALMAN KHAN,13:00:11 
SALMAN KHAN,13:00:11 
SALMAN KHAN,13:00:11 
SALMAN KHAN,13:00:11 
SALMAN KHAN,13:00:11 
SALMAN KHAN,13:00:11 
SALMAN KHAN,13:00:11 
SALMAN KHAN,13:00:11 
SALMAN KHAN,13:00:11 
SALMAN KHAN,13:00:11 
SALMAN KHAN,13:00:11 
SALMAN KHAN,13:00:11 
SALMAN KHAN,13:00:11 
SALMAN KHAN,13:00:11 
SALMAN KHAN,13:00:11 
SALMAN KHAN,13:00:11 
SALMAN KHAN,13:00:11 
SALMAN KHAN,13:00:11 
SALMAN KHAN,13:00:11 
SALMAN KHAN,13:00:11 
SALMAN KHAN,13:00:11 
SALMAN KHAN,13:00:11 
SALMAN KHAN,13:00:11 
SALMAN KHAN,13:00:11 
SALMAN KHAN,13:00:11 
SALMAN KHAN,13:00:11 
SALMAN KHAN,13:00:11 
SALMAN KHAN,13:00:11 
SALMAN KHAN,13:00:11 
SALMAN KHAN,13:00:11 
SALMAN KHAN,13:00:11 
SALMAN KHAN,13:00:11 
SALMAN KHAN,13:00:11 
SALMAN KHAN,13:00:11 
SALMAN KHAN,13:00:11 
SALMAN KHAN,13:00:11 
SALMAN KHAN,13:00:11 
SALMAN KHAN,13:00:11 
SALMAN KHAN,13:00:11 
SALMAN KHAN,13:00:11 
SALMAN KHAN,13:00:11 
SALMAN KHAN,13:00:11 
SALMAN KHAN,13:00:11 
SALMAN KHAN,13:00:11 
SALMAN KHAN,13:00:11 
SALMAN KHAN,13:00:11 
SALMAN KHAN,13:00:11 
SALMAN KHAN,13:00:11 
SALMAN KHAN,13:00:11 
SALMAN KHAN,13:00:11 
SALMAN KHAN,13:00:11 
SALMAN KHAN,13:00:11 
SALMAN KHAN,13:00:11 
SALMAN KHAN,13:00:11 
SALMAN KHAN,13:00:11 
SALMAN KHAN,13:00:11 
SALMAN KHAN,13:00:11 
SALMAN KHAN,13:00:11 
SALMAN KHAN,13:00:11 
SALMAN KHAN,13:00:11 
SALMAN KHAN,13:00:11 
SALMAN KHAN,13:00:11 
SALMAN KHAN,13:00:11 
SALMAN KHAN,13:00:11 
SALMAN KHAN,13:00:11 
SALMAN KHAN,13:00:11 
SALMAN KHAN,13:00:11 
SALMAN KHAN,13:00:11 
SALMAN KHAN,13:00:11 
SALMAN KHAN,13:00:11 
SALMAN KHAN,13:00:11 
SALMAN KHAN,13:00:11 
SALMAN KHAN,13:00:11 
SALMAN KHAN,13:00:11 
SALMAN KHAN,13:00:11 
SALMAN KHAN,13:00:11 
SALMAN KHAN,13:00:11 
SALMAN KHAN,13:00:11 
SALMAN KHAN,13:00:11 
SALMAN KHAN,13:00:11 
SALMAN KHAN,13:00:11 
SALMAN KHAN,13:00:11 
SALMAN KHAN,13:00:11 
SALMAN KHAN,13:00:11 
SALMAN KHAN,13:00:11 
SALMAN KHAN,13:00:11 
SALMAN KHAN,13:00:11 
SALMAN KHAN,13:00:11 
SALMAN KHAN,13:00:11 
SALMAN KHAN,13:00:11 
SALMAN KHAN,13:00:11 
SALMAN KHAN,13:00:11 
SALMAN KHAN,13:00:11 
SALMAN KHAN,13:00:11 
SALMAN KHAN,13:00:11 
SALMAN KHAN,13:00:11 
SALMAN KHAN,13:00:11 
SALMAN KHAN,13:00:11 
SALMAN KHAN,13:00:11 
SALMAN KHAN,13:00:11 
SALMAN KHAN,13:00:11 
SALMAN KHAN,13:00:11 
SALMAN KHAN,13:00:11 
SALMAN KHAN,13:00:11 
SALMAN KHAN,13:00:11 
SALMAN KHAN,13:00:11 
SALMAN KHAN,13:00:11 
SALMAN KHAN,13:00:11 
SALMAN KHAN,13:00:11 
SALMAN KHAN,13:00:11 
SALMAN KHAN,13:00:11 
SALMAN KHAN,13:00:11 
SALMAN KHAN,13:00:11 
SALMAN KHAN,13:00:11 
SALMAN KHAN,13:00:11 
SALMAN KHAN,13:00:11 
SALMAN KHAN,13:00:11 
SALMAN KHAN,13:00:11 
SALMAN KHAN,13:00:11 
SALMAN KHAN,13:00:11 
SALMAN KHAN,13:00:11 
SALMAN KHAN,13:00:11 
SALMAN KHAN,13:00:11 
SALMAN KHAN,13:00:11 
SALMAN KHAN,13:00:11 
SALMAN KHAN,13:00:11 
SALMAN KHAN,13:00:11 
SALMAN KHAN,13:00:11 
SALMAN KHAN,13:00:11 
SALMAN KHAN,13:00:11 
SALMAN KHAN,13:00:11 
SALMAN KHAN,13:00:11 
SALMAN KHAN,13:00:11 
SALMAN KHAN,13:00:11 
SALMAN KHAN,13:00:11 
SALMAN KHAN,13:00:11 
SALMAN KHAN,13:00:11 
SALMAN KHAN,13:00:11 
SALMAN KHAN,13:00:11 
SALMAN KHAN,13:00:11 
SALMAN KHAN,13:00:11 
SALMAN KHAN,13:00:11 
SALMAN KHAN,13:00:11 
SALMAN KHAN,13:00:11 
SALMAN KHAN,13:00:11 
SALMAN KHAN,13:00:11 
SALMAN KHAN,13:00:11 
SALMAN KHAN,13:00:11 
SALMAN KHAN,13:00:11 
SALMAN KHAN,13:00:11 
SALMAN KHAN,13:00:11 
SALMAN KHAN,13:00:11 
SALMAN KHAN,13:00:11 
SALMAN KHAN,13:00:11 
SALMAN KHAN,13:00:11 
SALMAN KHAN,13:00:11 
SALMAN KHAN,13:00:11 
SALMAN KHAN,13:00:11 
SALMAN KHAN,13:00:11 
SALMAN KHAN,13:00:11 
SALMAN KHAN,13:00:11 
SALMAN KHAN,13:00:11 
SALMAN KHAN,13:00:11 
SALMAN KHAN,13:00:11 
SALMAN KHAN,13:00:11 
SALMAN KHAN,13:00:11 
SALMAN KHAN,13:00:11 
SALMAN KHAN,13:00:11 
SALMAN KHAN,13:00:11 
SALMAN KHAN,13:00:11 
SALMAN KHAN,13:00:11 
SALMAN KHAN,13:00:11 
SALMAN KHAN,13:00:11 
SALMAN KHAN,13:00:11 
SALMAN KHAN,13:00:11 
SALMAN KHAN,13:00:11 
SALMAN KHAN,13:00:11 
SALMAN KHAN,13:00:11 
SALMAN KHAN,13:00:11 
SALMAN KHAN,13:00:11 
SALMAN KHAN,13:00:11 
SALMAN KHAN,13:00:11 
SALMAN KHAN,13:00:11 
SALMAN KHAN,13:00:11 
SALMAN KHAN,13:00:11 
SALMAN KHAN,13:00:11 
SALMAN KHAN,13:00:11 
SALMAN KHAN,13:00:11 
SALMAN KHAN,13:00:11 
SALMAN KHAN,13:00:11 
SALMAN KHAN,13:00:11 
SALMAN KHAN,13:00:11 
SALMAN KHAN,13:00:11 
SALMAN KHAN,13:00:11 
SALMAN KHAN,13:00:11 
SALMAN KHAN,13:00:11 
SALMAN KHAN,13:00:11 
SALMAN KHAN,13:00:11 
SALMAN KHAN,13:00:11 
SALMAN KHAN,13:00:11 
SALMAN KHAN,13:00:11 
SALMAN KHAN,13:00:11 
SALMAN KHAN,13:00:11 
SALMAN KHAN,13:00:11 
SALMAN KHAN,13:00:11 
SALMAN KHAN,13:00:11 
SALMAN KHAN,13:00:11 
SALMAN KHAN,13:00:11 
SALMAN KHAN,13:00:11 
SALMAN KHAN,13:00:11 
SALMAN KHAN,13:00:11 
SALMAN KHAN,13:00:11 
SALMAN KHAN,13:00:11 
SALMAN KHAN,13:00:11 
SALMAN KHAN,13:00:11 
SALMAN KHAN,13:00:11 
SALMAN KHAN,13:00:11 
SALMAN KHAN,13:00:11 
SALMAN KHAN,13:00:11 
SALMAN KHAN,13:00:11 
SALMAN KHAN,13:00:11 
SALMAN KHAN,13:00:11 
SALMAN KHAN,13:00:11 
SALMAN KHAN,13:00:11 
SALMAN KHAN,13:00:11 
BILL GATES,13:01:40 
BILL GATES,13:01:40 
BILL GATES,13:01:41 
BILL GATES,13:01:41 
BILL GATES,13:01:42 
BILL GATES,13:01:42 
BILL GATES,13:01:43 
BILL GATES,13:01:43 
BILL GATES,13:01:44 
BILL GATES,13:01:44 
BILL GATES,13:01:45 
BILL GATES,13:01:45 
BILL GATES,13:01:47 
BILL GATES,13:01:47 